{
  "ensemble_name": "Soft_Voting_All",
  "test_accuracy": 0.9260897030953885,
  "test_weighted_f1": 0.9230054398499622,
  "test_macro_f1": 0.8064531777832932,
  "per_class": {
    "Negative": {
      "precision": 0.9395643007730148,
      "recall": 0.9488999290276792,
      "f1-score": 0.9442090395480226,
      "support": 1409.0
    },
    "Neutral": {
      "precision": 0.6333333333333333,
      "recall": 0.4550898203592814,
      "f1-score": 0.5296167247386759,
      "support": 167.0
    },
    "Positive": {
      "precision": 0.9359211337030191,
      "recall": 0.9553459119496855,
      "f1-score": 0.9455337690631809,
      "support": 1590.0
    }
  }
}